Variable , Odds Ratio
Block Value , 1.0000017804815830580
Effective Year Built , 1.0198695173003622383
Improvement Quality , 1.0869896565893597540
Land Sq Ft, 0.9999983594704608958
Season: Spring, 1.2026949514644758032
Season: Summer, 1.1098677265482503884
Season: Winter, 1.0811129420817739977
Percent White , 1.0036422340842090506
